,SNP,Chromosome.x,Position.x,GWAS-Pval,Chromosome.y,start,Position.y,Reference_Base,Alterative_Base,Gene,MutType,m6A_Function,MutRegion,Confidence_Level
1,rs10053847,5,35878140,0.00739807,chr5,35878135,35878136,G,A,IL7R,-,Gain,UTR3,Low
2,rs1014867,4,126412891,0.00373428362342709,chr4,126412875,126412876,C,T,FAT4,nonsynonymous,Loss,CDS,Low
3,rs10206877,2,8439905,0.00345834,chr2,8439898,8439899,T,C,LINC00299,-,Loss,ncRNA_exonic,Low
4,rs10206877,2,8439905,0.00995375598121127,chr2,8439898,8439899,T,C,LINC00299,-,Loss,ncRNA_exonic,Low
5,rs1033500,6,32307382,0.003,chr6,32307383,32307384,G,A,C6orf10,nonsynonymous,Gain,CDS,Low
6,rs1033500,6,32307382,2.20196330974733e-31,chr6,32307383,32307384,G,A,C6orf10,nonsynonymous,Gain,CDS,Low
7,rs1042308,6,33036853,5.46396212333506e-11,chr6,33036854,33036855,A,G,HLA-DPA1,nonsynonymous,Loss,CDS,Low
8,rs1042308,6,33036853,5.46396212333506e-11,chr6,33036854,33036855,A,T,HLA-DPA1,nonsynonymous,Loss,CDS,Low
9,rs1042308,6,33036853,5.46396212333506e-11,chr6,33036854,33036855,A,C,HLA-DPA1,nonsynonymous,Loss,CDS,Low
10,rs1045971,1,182798924,0.0034999,chr1,182798946,182798947,G,T,NPL,-,Loss,UTR3,Low
11,rs1048575,1,77558057,0.00400980833546646,chr1,77558057,77558058,G,C,PIGK,-,Loss,UTR3,High
12,rs1049133,6,32629847,3.81637444229873e-07,chr6,32629848,32629849,A,G,HLA-DQB1,nonsynonymous,Loss,CDS,Low
13,rs1049633,6,30867527,1.15978012368969e-190,chr6,30867528,30867529,G,A,DDR1,-,Loss,UTR3,Medium
14,rs1059293,21,34809693,0.00224664,chr21,34809688,34809689,C,T,IFNGR2,-,Gain,UTR3,Low
15,rs1065155,20,40706356,0.00992111013279856,chr20,40706355,40706356,T,C,PTPRT,-,Loss,UTR3,Low
16,rs10744162,12,124243707,0.00349663,chr12,124243677,124243678,T,C,ATP6V0A2,-,Loss,UTR3,Low
17,rs10939650,4,9998440,0.00366801,chr4,9998441,9998442,C,T,SLC2A9,synonymous,Gain,CDS,Low
18,rs11119806,1,211921229,0.00255412,chr1,211921227,211921228,C,A,LPGAT1,-,Loss,UTR3,Low
19,rs111245635,10,48389841,0.00168342292618355,chr10,48389843,48389844,C,T,RBP3,nonsynonymous,Loss,CDS,Low
20,rs11466653,4,38776235,0.000217533790017395,chr4,38776231,38776232,A,G,TLR10,nonsynonymous,Loss,CDS,Low
21,rs114810277,4,107270272,0.0029698309459766,chr4,107270273,107270274,G,A,AIMP1,-,Loss,UTR3,Low
22,rs11545587,6,28891522,0.000478999269706894,chr6,28891498,28891499,G,A,TRIM27,-,Loss,UTR5,Medium
23,rs11553430,6,32136771,2.39606757657727e-07,chr6,32136769,32136770,C,T,AGPAT1,-,Loss,UTR3,Medium
24,rs12043251,1,232534957,0.00221586253378765,chr1,232534956,232534957,T,C,SIPA1L2,synonymous,Loss,CDS,Low
25,rs12318072,12,124798801,0.00768193672731963,chr12,124798781,124798782,C,G,FAM101A,synonymous,Gain,CDS,Low
26,rs12354,12,6500105,6.00551e-07,chr12,6500102,6500103,T,A,LTBR,-,Loss,UTR3,Medium
27,rs12354,12,6500105,6.00551e-07,chr12,6500102,6500103,T,G,LTBR,-,Loss,UTR3,Medium
28,rs12419663,11,64023270,0.00846790295160807,chr11,64023268,64023269,C,T,PLCB3,synonymous,Loss,CDS,Low
29,rs12790505,11,55579801,0.00221997921993158,chr11,55579798,55579799,T,C,OR5L1,nonsynonymous,Loss,CDS,Low
30,rs12828755,12,123470586,0.00297142954029323,chr12,123470614,123470615,C,G,PITPNM2,synonymous,Gain,CDS,Low
31,rs130077,6,31122330,3.5354457893806e-11,chr6,31122330,31122331,G,A,CCHCR1,synonymous,Loss,CDS,Low
32,rs13113918,4,9998493,0.00456085,chr4,9998520,9998521,A,G,SLC2A9,synonymous,Gain,CDS,Low
33,rs1380154,4,128723042,0.00262089620070297,chr4,128723021,128723022,T,C,HSPA4L,nonsynonymous,Gain,CDS,Low
34,rs145330264,6,33689778,1.47913408075394e-21,chr6,33689786,33689787,A,C,IP6K3,-,Gain,UTR3,Low
35,rs145330264,6,33689778,1.47913408075394e-21,chr6,33689786,33689787,A,G,IP6K3,-,Gain,UTR3,Low
36,rs146657378,1,212799139,0.00212085055772215,chr1,212799136,212799137,A,T,FAM71A,nonsynonymous,Gain,CDS,Low
37,rs15052,19,41813375,0.00617459120212994,chr19,41813348,41813349,T,C,HNRNPUL1,-,Loss,UTR3,Low
38,rs1610642,6,29759078,0.0054972,chr6,29759075,29759076,C,A,HCG4,-,Loss,ncRNA_exonic,Low
39,rs1610642,6,29759078,0.0054972,chr6,29759075,29759076,C,G,HCG4,-,Loss,ncRNA_exonic,Low
40,rs1610642,6,29759078,2.62113394912406e-32,chr6,29759075,29759076,C,A,HCG4,-,Loss,ncRNA_exonic,Low
41,rs1610642,6,29759078,2.62113394912406e-32,chr6,29759075,29759076,C,G,HCG4,-,Loss,ncRNA_exonic,Low
42,rs1610718,6,29760188,2.45222172346922e-30,chr6,29760189,29760190,G,A,HCG4,-,Gain,ncRNA_exonic,Low
43,rs16897515,6,27278020,0.00113114,chr6,27278048,27278049,C,A,POM121L2,nonsynonymous,Loss,CDS,Low
44,rs16897515,6,27278020,2.26099050708272e-39,chr6,27278048,27278049,C,A,POM121L2,nonsynonymous,Loss,CDS,Low
45,rs17650901,17,44039691,2.77963e-06,chr17,44039690,44039691,A,G,MAPT,-,Loss,UTR5,Low
46,rs17787930,11,46958299,0.00582568195068019,chr11,46958296,46958297,G,T,C11orf49,-,Gain,UTR5,Low
47,rs17856697,17,7348625,2.5775588219975e-05,chr17,7348628,7348629,A,G,CHRNB1,nonsynonymous,Loss,CDS,Low
48,rs1801725,3,122003757,0.00276863607488982,chr3,122003754,122003755,G,T,CASR,nonsynonymous,Gain,CDS,Low
49,rs1874008,16,84940479,0.00992685,chr16,84940449,84940450,T,C,CRISPLD2,-,Gain,UTR3,Low
50,rs1978,6,26377573,0.000267169,chr6,26377559,26377560,T,A,BTN3A2,-,Gain,UTR3,Low
51,rs2072915,6,33162082,0.000590391584235804,chr6,33162081,33162082,T,A,RXRB,-,Loss,UTR3,Medium
52,rs2073045,6,32339548,4.52197007195405e-15,chr6,32339566,32339567,G,A,C6orf10,-,Gain,UTR5,Low
53,rs2074474,6,30309508,1.46198015911756e-09,chr6,30309503,30309504,T,C,TRIM39,TRIM39-RPP21,synonymous,Loss,CDS,Medium
54,rs2178004,15,41991315,0.00813570067269947,chr15,41991314,41991315,A,T,MGA,nonsynonymous,Loss,CDS,Low
55,rs2227956,6,31778272,3.60096e-16,chr6,31778268,31778269,G,A,HSPA1L,nonsynonymous,Gain,CDS,Low
56,rs2227956,6,31778272,0.000191764919241492,chr6,31778268,31778269,G,A,HSPA1L,nonsynonymous,Gain,CDS,Low
57,rs2232423,6,28366151,8.08910643808878e-100,chr6,28366147,28366148,A,G,ZSCAN12,nonsynonymous,Loss,CDS,Medium
58,rs2232423,6,28366151,1.88173e-06,chr6,28366147,28366148,A,G,ZSCAN12,nonsynonymous,Loss,CDS,Medium
59,rs2244625,11,64026144,0.00662196,chr11,64026126,64026127,G,C,PLCB3,synonymous,Loss,CDS,Low
60,rs2246207,17,61987576,0.00158901291535336,chr17,61987579,61987580,G,A,CSHL1,synonymous,Gain,CDS,Low
61,rs2305458,2,20824498,0.00843642,chr2,20824508,20824509,C,T,HS1BP3,nonsynonymous,Loss,CDS,Low
62,rs2305480,17,38062196,0.002,chr17,38062197,38062198,G,A,GSDMB,nonsynonymous,Gain,CDS,Low
63,rs2305480,17,38062196,2.63911e-09,chr17,38062197,38062198,G,A,GSDMB,nonsynonymous,Gain,CDS,Low
64,rs241449,6,32796653,0.00333368,chr6,32796676,32796677,C,A,TAP2,-,Gain,UTR3,Low
65,rs241449,6,32796653,0.003,chr6,32796676,32796677,C,A,TAP2,-,Gain,UTR3,Low
66,rs2523721,6,30166266,2.68027711519436e-70,chr6,30166263,30166264,C,T,TRIM26,synonymous,Loss,CDS,Medium
67,rs2537973,22,17538232,0.00827390353213897,chr22,17538230,17538231,C,G,CECR7,-,Loss,ncRNA_exonic,Medium
68,rs2736158,6,31600304,0.00201302387728337,chr6,31600304,31600305,G,C,PRRC2A,nonsynonymous,Loss,CDS,High
69,rs2736172,6,31590898,3.73541571278112e-33,chr6,31590894,31590895,C,T,SNORA38,-,Gain,ncRNA_exonic,Low
70,rs2845400,22,17539427,0.00760334182222997,chr22,17539400,17539401,G,T,CECR7,-,Loss,ncRNA_exonic,Low
71,rs2857433,6,30120633,1.12633864900019e-05,chr6,30120632,30120633,T,G,TRIM10,-,Loss,UTR3,Medium
72,rs3010110,1,27278521,0.0039002012266496,chr1,27278521,27278522,G,A,C1orf172,synonymous,Loss,CDS,Low
73,rs3087646,5,132334252,0.008,chr5,132334253,132334254,A,G,ZCCHC10,-,Loss,UTR3,Low
74,rs3115672,6,31727897,1.28902599919528e-212,chr6,31727894,31727895,C,T,MSH5,MSH5-SAPCD1,synonymous,Gain,CDS,Low
75,rs3173429,6,29910640,1.87136400189733e-06,chr6,29910641,29910642,C,G,HLA-A,nonsynonymous,Gain,CDS,Low
76,rs3219190,6,31497975,1.58030733200445e-05,chr6,31497986,31497987,T,C,MCCD1,-,Loss,UTR3,Low
77,rs34897061,2,176829117,0.00571786330655714,chr2,176829103,176829104,G,C,KIAA1715,nonsynonymous,Gain,CDS,Low
78,rs35586,16,23677006,0.00388418841555208,chr16,23677009,23677010,A,G,DCTN5,synonymous,Loss,CDS,Low
79,rs35621845,15,85400780,0.00405595510710041,chr15,85400754,85400755,C,G,ALPK3,synonymous,Loss,CDS,Low
80,rs3732082,2,207041441,0.00130494850400735,chr2,207041441,207041442,G,A,GPR1,synonymous,Loss,CDS,Medium
81,rs3734660,6,90916345,0.000858953957150305,chr6,90916344,90916345,T,C,BACH2,-,Loss,UTR5,Low
82,rs3742130,13,99907341,0.00120451233147762,chr13,99907341,99907342,G,A,GPR18,synonymous,Loss,CDS,High
83,rs3743332,15,86303751,0.000996103995218628,chr15,86303748,86303749,T,C,KLHL25,-,Gain,UTR3,Low
84,rs3744262,17,7613765,0.00968990416568969,chr17,7613766,7613767,G,A,EFNB3,-,Loss,UTR3,Medium
85,rs3748816,1,2526746,1.92571e-05,chr1,2526742,2526743,A,G,MMEL1,nonsynonymous,Loss,CDS,Low
86,rs3748816,1,2526746,3.54204805191105e-07,chr1,2526742,2526743,A,G,MMEL1,nonsynonymous,Loss,CDS,Low
87,rs3757138,6,26376103,3.11919828311027e-55,chr6,26376102,26376103,A,G,BTN3A2,-,Loss,UTR3,High
88,rs3843307,1,157484575,0.00273692,chr1,157484547,157484548,A,G,FCRL5,-,Gain,UTR3,Low
89,rs3848596,19,33635761,0.0059293,chr19,33635759,33635760,C,T,WDR88,synonymous,Loss,CDS,Low
90,rs3911893,6,31935567,0.000161890309348146,chr6,31935567,31935568,G,A,SKIV2L,nonsynonymous,Loss,CDS,Low
91,rs4072466,15,94097067,0.002,chr15,94097049,94097050,T,C,RP11-266O8.1,-,Gain,ncRNA_exonic,Low
92,rs41270450,6,32017173,6.69601625686739e-07,chr6,32017198,32017199,G,A,TNXB,nonsynonymous,Loss,CDS,Low
93,rs4151134,17,7347123,0.00481951,chr17,7347120,7347121,C,T,FGF11,-,Gain,ncRNA_exonic,Low
94,rs450630,6,28542424,3.54934590990497e-17,chr6,28542424,28542425,G,A,SCAND3,synonymous,Loss,CDS,Medium
95,rs453098,6,31691657,4.71329025589491e-08,chr6,31691658,31691659,G,A,C6orf25,synonymous,Loss,CDS,Low
96,rs4719613,7,20453875,0.00138842,chr7,20453870,20453871,C,T,ITGB8,-,Gain,UTR3,Low
97,rs4758686,12,122623000,0.00570358789962058,chr12,122622997,122622998,T,G,MLXIP,synonymous,Loss,CDS,Low
98,rs4758686,12,122623000,0.00570358789962058,chr12,122622997,122622998,T,C,MLXIP,synonymous,Loss,CDS,Low
99,rs4786,1,169692132,0.003,chr1,169692142,169692143,T,C,SELE,-,Gain,UTR3,Low
100,rs4799,2,10933249,0.00490395356090364,chr2,10933251,10933252,C,T,PDIA6,synonymous,Loss,CDS,Medium
101,rs489646,13,37422613,0.002,chr13,37422612,37422613,T,G,SMAD9,-,Loss,UTR3,Low
102,rs520692,6,32188640,1.77411156924004e-15,chr6,32188639,32188640,T,C,NOTCH4,nonsynonymous,Loss,CDS,Low
103,rs520692,6,32188640,0.003,chr6,32188639,32188640,T,C,NOTCH4,nonsynonymous,Loss,CDS,Low
104,rs522063,15,41476209,0.00604539632520416,chr15,41476208,41476209,T,C,EXD1,nonsynonymous,Loss,CDS,Low
105,rs55868409,6,151894567,0.00397845577322401,chr6,151894570,151894571,G,A,CCDC170,nonsynonymous,Gain,CDS,Low
106,rs56262258,2,204600731,1.77480285011528e-05,chr2,204600732,204600733,A,C,CD28,-,Loss,UTR3,High
107,rs56355079,6,28060398,5.52801808384349e-06,chr6,28060393,28060394,T,C,ZSCAN12P1,-,Loss,ncRNA_exonic,Medium
108,rs5752078,22,25592398,0.0084036735388806,chr22,25592397,25592398,A,G,KIAA1671,-,Loss,UTR3,Low
109,rs6080717,20,17474791,0.00793082,chr20,17474792,17474793,G,A,BFSP1,synonymous,Gain,CDS,Low
110,rs622756,11,125766173,0.0023394,chr11,125766148,125766149,A,C,PUS3,nonsynonymous,Gain,CDS,Low
111,rs6498185,16,11444726,0.000789798827766153,chr16,11444724,11444725,C,T,RMI2,-,Loss,UTR3,High
112,rs6573560,14,65031534,0.002,chr14,65031532,65031533,C,G,PPP1R36,nonsynonymous,Loss,CDS,Low
113,rs6573560,14,65031534,0.002,chr14,65031532,65031533,C,T,PPP1R36,nonsynonymous,Loss,CDS,Low
114,rs6903753,6,29943178,0.001,chr6,29943177,29943178,A,G,HCG9,-,Loss,ncRNA_exonic,Medium
115,rs6903753,6,29943178,7.06640193616517e-08,chr6,29943177,29943178,A,G,HCG9,-,Loss,ncRNA_exonic,Medium
116,rs6910549,6,25780811,0.000908977,chr6,25780810,25780811,A,G,SLC17A4,-,Loss,UTR3,Low
117,rs6910549,6,25780811,5.90854322993154e-41,chr6,25780810,25780811,A,G,SLC17A4,-,Loss,UTR3,Low
118,rs696217,3,10331457,0.0060235,chr3,10331457,10331458,G,T,GHRL,nonsynonymous,Loss,CDS,Low
119,rs707926,6,31748820,1.11526275237412e-08,chr6,31748820,31748821,G,C,VARS,nonsynonymous,Loss,CDS,Medium
120,rs707926,6,31748820,1.11526275237412e-08,chr6,31748820,31748821,G,A,VARS,synonymous,Loss,CDS,Medium
121,rs707926,6,31748820,5.50254e-09,chr6,31748820,31748821,G,C,VARS,nonsynonymous,Loss,CDS,Medium
122,rs707926,6,31748820,5.50254e-09,chr6,31748820,31748821,G,A,VARS,synonymous,Loss,CDS,Medium
123,rs71407320,15,91185291,0.00679367295691638,chr15,91185289,91185290,C,A,CRTC3,nonsynonymous,Loss,CDS,Medium
124,rs71407320,15,91185291,0.00679367295691638,chr15,91185289,91185290,C,G,CRTC3,nonsynonymous,Loss,CDS,Medium
125,rs71407320,15,91185291,0.00679367295691638,chr15,91185289,91185290,C,T,CRTC3,synonymous,Loss,CDS,Medium
126,rs7250850,19,47585517,0.00141474,chr19,47585519,47585520,G,C,ZC3H4,synonymous,Gain,CDS,Low
127,rs727088,18,67530439,2.07068265872813e-06,chr18,67530439,67530440,G,A,CD226,-,Loss,UTR3,Low
128,rs727088,18,67530439,0.000119238,chr18,67530439,67530440,G,A,CD226,-,Loss,UTR3,Low
129,rs72793383,16,30785467,0.009839982994352,chr16,30785468,30785469,G,A,RNF40,-,Loss,UTR3,Medium
130,rs7398833,12,111786892,0.000905214,chr12,111786916,111786917,T,C,CUX2,-,Gain,UTR3,Low
131,rs757262,6,30114955,5.04028532855508e-07,chr6,30114953,30114954,C,T,TRIM40,nonsynonymous,Loss,CDS,Medium
132,rs757262,6,30114955,0.000911227,chr6,30114953,30114954,C,T,TRIM40,nonsynonymous,Loss,CDS,Medium
133,rs75952841,6,4157261,0.00474115151325846,chr6,4157257,4157258,C,T,RP3-400B16.1,-,Gain,ncRNA_exonic,Low
134,rs76078428,2,25044740,0.00382343213964166,chr2,25044737,25044738,C,T,CENPO,-,Gain,UTR3,Low
135,rs8192576,6,32165300,0.000415529188726853,chr6,32165317,32165318,A,G,NOTCH4,synonymous,Gain,CDS,Low
136,rs853678,6,28297313,1.47652850446828e-59,chr6,28297312,28297313,T,A,ZSCAN31,nonsynonymous,Loss,CDS,Medium
137,rs853678,6,28297313,1.47652850446828e-59,chr6,28297312,28297313,T,C,ZSCAN31,nonsynonymous,Loss,CDS,Medium
138,rs9262143,6,30652781,0.00372633,chr6,30652792,30652793,C,T,PPP1R18,nonsynonymous,Gain,CDS,Low
139,rs9262143,6,30652781,1.34880906638521e-166,chr6,30652792,30652793,C,T,PPP1R18,nonsynonymous,Gain,CDS,Low
140,rs9320001,18,59814324,0.00191773143335988,chr18,59814322,59814323,G,C,PIGN,nonsynonymous,Gain,CDS,Low
141,rs9393728,6,26509330,7.10030774936886e-12,chr6,26509328,26509329,C,G,BTN1A1,nonsynonymous,Loss,CDS,Low
142,rs9824906,3,149192432,0.000727328,chr3,149192432,149192433,C,A,TM4SF4,-,Gain,UTR5,Low
143,rs9880307,3,16974610,3.98218e-06,chr3,16974604,16974605,C,A,PLCL2,-,Gain,UTR5,Low
144,rs9906320,17,72690829,0.00223833,chr17,72690830,72690831,G,A,CD300LF,-,Gain,UTR3,Low
